{
  "loss": [
    2430417.75,
    1077605.125,
    1003350.5625,
    924650.375,
    837478.5,
    757534.375,
    683953.75,
    610412.5,
    548711.875,
    506023.0,
    482850.1875,
    463961.0,
    457685.46875,
    452195.78125,
    440003.53125,
    432289.375,
    427950.65625,
    428521.6875,
    417938.90625,
    416472.4375,
    416075.96875,
    412334.59375,
    411591.0625,
    406639.75,
    408643.46875,
    405244.34375,
    402824.15625,
    399848.125,
    399895.375,
    397282.9375,
    390522.4375,
    393767.4375,
    389376.125,
    386343.75,
    388161.53125,
    387054.1875,
    385376.375,
    382687.71875,
    379740.03125,
    379247.75,
    384186.90625,
    379669.875,
    381748.84375,
    382382.875,
    386251.5625,
    380217.875,
    379878.21875,
    376748.125,
    376310.0625,
    374076.65625,
    378548.25,
    378587.46875,
    373996.84375,
    374330.09375,
    376851.78125,
    374151.625,
    373288.5625,
    375771.46875,
    373283.34375,
    373158.09375,
    378669.25,
    374417.40625,
    372254.71875,
    371333.4375,
    372606.09375,
    372445.59375,
    371217.5625,
    373920.15625
  ],
  "mae": [
    1229.55126953125,
    870.9149780273438,
    831.8028564453125,
    791.2216186523438,
    744.6504516601562,
    701.2221069335938,
    660.3884887695312,
    620.1318969726562,
    579.0660400390625,
    551.5337524414062,
    533.077880859375,
    519.9227294921875,
    513.6209716796875,
    509.8667907714844,
    500.3827209472656,
    494.78094482421875,
    493.57562255859375,
    493.2917785644531,
    484.3424377441406,
    484.8033447265625,
    481.953125,
    480.33941650390625,
    480.4126892089844,
    475.9677734375,
    477.3990478515625,
    475.22613525390625,
    472.79779052734375,
    471.8770446777344,
    471.5296936035156,
    469.9380798339844,
    464.6739807128906,
    465.5630798339844,
    463.115234375,
    459.5401916503906,
    461.2975158691406,
    459.0218505859375,
    459.5797119140625,
    456.8416442871094,
    455.3455505371094,
    455.6830749511719,
    455.9265441894531,
    455.0448303222656,
    456.6517028808594,
    455.3502197265625,
    458.8645935058594,
    454.8756408691406,
    455.36126708984375,
    453.36334228515625,
    452.76068115234375,
    451.16033935546875,
    453.73834228515625,
    452.3438415527344,
    450.3238220214844,
    451.0680236816406,
    452.2850036621094,
    450.4494934082031,
    449.0744934082031,
    450.067138671875,
    449.0475769042969,
    450.577880859375,
    452.4920349121094,
    449.47174072265625,
    448.7285461425781,
    448.65447998046875,
    449.31494140625,
    447.1258850097656,
    448.3915100097656,
    448.6667785644531
  ],
  "val_loss": [
    1170550.625,
    1001564.0,
    935500.8125,
    841897.375,
    761233.25,
    691282.0,
    630233.6875,
    543407.625,
    472001.59375,
    428008.375,
    396018.875,
    384164.0,
    370148.125,
    361041.1875,
    353478.5625,
    341999.1875,
    340263.0,
    343570.40625,
    341246.5,
    368028.65625,
    337864.65625,
    332375.78125,
    334444.65625,
    352803.15625,
    327911.28125,
    333439.5,
    330004.84375,
    330485.3125,
    328299.15625,
    330046.84375,
    325065.65625,
    322997.75,
    327600.28125,
    323529.90625,
    323781.96875,
    325657.625,
    326078.21875,
    324847.0625,
    323453.0,
    327709.71875,
    329413.9375,
    322602.625,
    322826.46875,
    322331.65625,
    323876.15625,
    325145.125,
    320725.96875,
    324376.875,
    322149.21875,
    323048.96875,
    323113.09375,
    322221.90625,
    322764.5,
    321655.21875,
    321879.3125,
    319868.9375,
    321031.3125,
    322548.1875,
    320543.625,
    322399.25,
    322433.59375,
    321198.46875,
    321946.59375,
    320826.0625,
    321675.8125,
    320160.84375,
    320317.21875,
    320343.5
  ],
  "val_mae": [
    927.3970336914062,
    847.1654052734375,
    811.2269287109375,
    753.3974609375,
    693.4855346679688,
    659.8735961914062,
    637.4113159179688,
    582.6470947265625,
    548.0712280273438,
    511.17437744140625,
    495.5462341308594,
    475.8884582519531,
    470.109130859375,
    458.7359619140625,
    455.1092224121094,
    453.6634521484375,
    440.08892822265625,
    440.28643798828125,
    439.86541748046875,
    443.86102294921875,
    443.1620788574219,
    442.062255859375,
    433.1671142578125,
    435.965576171875,
    440.52947998046875,
    430.8663635253906,
    438.8140563964844,
    433.6668701171875,
    423.48590087890625,
    439.85693359375,
    428.913330078125,
    427.1648254394531,
    427.56011962890625,
    428.26507568359375,
    436.3811950683594,
    429.0426330566406,
    427.4233703613281,
    423.55938720703125,
    429.79791259765625,
    436.9328308105469,
    440.7058410644531,
    426.05438232421875,
    427.8525390625,
    423.6433410644531,
    421.2244567871094,
    418.7801513671875,
    429.80450439453125,
    434.18206787109375,
    431.362548828125,
    426.98028564453125,
    431.88409423828125,
    430.6004333496094,
    422.6837158203125,
    422.84283447265625,
    425.4339599609375,
    424.1406555175781,
    420.5397644042969,
    428.5484313964844,
    425.84576416015625,
    418.8603210449219,
    420.8930969238281,
    426.0077819824219,
    424.870849609375,
    426.83544921875,
    425.92498779296875,
    422.70062255859375,
    425.8067932128906,
    425.1686096191406
  ],
  "learning_rate": [
    0.0010000000474974513,
    0.0010000000474974513,
    0.0010000000474974513,
    0.0010000000474974513,
    0.0010000000474974513,
    0.0010000000474974513,
    0.0010000000474974513,
    0.0010000000474974513,
    0.0010000000474974513,
    0.0010000000474974513,
    0.0010000000474974513,
    0.0010000000474974513,
    0.0010000000474974513,
    0.0010000000474974513,
    0.0010000000474974513,
    0.0010000000474974513,
    0.0010000000474974513,
    0.0010000000474974513,
    0.0010000000474974513,
    0.0010000000474974513,
    0.0010000000474974513,
    0.0010000000474974513,
    0.0010000000474974513,
    0.0010000000474974513,
    0.0010000000474974513,
    0.0010000000474974513,
    0.0010000000474974513,
    0.0010000000474974513,
    0.0010000000474974513,
    0.0010000000474974513,
    0.0005000000237487257,
    0.0005000000237487257,
    0.0005000000237487257,
    0.0005000000237487257,
    0.0005000000237487257,
    0.0005000000237487257,
    0.0005000000237487257,
    0.0002500000118743628,
    0.0002500000118743628,
    0.0002500000118743628,
    0.0002500000118743628,
    0.0002500000118743628,
    0.0002500000118743628,
    0.0002500000118743628,
    0.0002500000118743628,
    0.0002500000118743628,
    0.0002500000118743628,
    0.0002500000118743628,
    0.0002500000118743628,
    0.0002500000118743628,
    0.0002500000118743628,
    0.0002500000118743628,
    0.0001250000059371814,
    0.0001250000059371814,
    0.0001250000059371814,
    0.0001250000059371814,
    0.0001250000059371814,
    0.0001250000059371814,
    0.0001250000059371814,
    0.0001250000059371814,
    0.0001250000059371814,
    6.25000029685907e-05,
    6.25000029685907e-05,
    6.25000029685907e-05,
    6.25000029685907e-05,
    6.25000029685907e-05,
    3.125000148429535e-05,
    3.125000148429535e-05
  ]
}