{
  "loss": [
    2602569.75,
    1171220.625,
    1054075.5,
    932203.875,
    794697.3125,
    676692.75,
    618614.625,
    597298.25,
    577714.1875,
    559477.4375,
    544974.125,
    530812.5625,
    506993.03125,
    488730.28125,
    473345.15625,
    463684.0625,
    452753.5625,
    451612.65625,
    441465.0625,
    441532.28125,
    433934.1875,
    436023.75
  ],
  "mae": [
    1278.4813232421875,
    903.383544921875,
    846.4586791992188,
    787.3805541992188,
    714.2550048828125,
    651.3341064453125,
    618.3192749023438,
    602.3803100585938,
    591.3206176757812,
    580.6305541992188,
    572.2131958007812,
    564.1364135742188,
    545.8082275390625,
    534.8930053710938,
    525.1730346679688,
    515.2452392578125,
    510.4674072265625,
    507.45697021484375,
    500.844970703125,
    501.54803466796875,
    494.64666748046875,
    495.426025390625
  ],
  "val_loss": [
    1205904.625,
    1031996.1875,
    917231.9375,
    761256.875,
    621169.9375,
    549347.5625,
    453855.125,
    458475.34375,
    408561.25,
    390490.53125,
    398661.84375,
    406009.625,
    400644.21875,
    391123.21875,
    432669.90625,
    460350.59375,
    434447.75,
    476590.21875,
    465184.125,
    459939.40625,
    478346.40625,
    516781.46875
  ],
  "val_mae": [
    944.1132202148438,
    857.8273315429688,
    794.3253784179688,
    706.4005126953125,
    625.8153686523438,
    609.163818359375,
    535.0125122070312,
    551.4146118164062,
    512.2818603515625,
    491.5783996582031,
    506.26995849609375,
    513.7711181640625,
    509.6576232910156,
    495.9078369140625,
    539.5211181640625,
    561.8984375,
    541.832763671875,
    571.4190673828125,
    561.9179077148438,
    559.5845336914062,
    573.1189575195312,
    598.6543579101562
  ],
  "learning_rate": [
    0.0010000000474974513,
    0.0010000000474974513,
    0.0010000000474974513,
    0.0010000000474974513,
    0.0010000000474974513,
    0.0010000000474974513,
    0.0010000000474974513,
    0.0010000000474974513,
    0.0010000000474974513,
    0.0010000000474974513,
    0.0010000000474974513,
    0.0010000000474974513,
    0.0010000000474974513,
    0.0010000000474974513,
    0.0010000000474974513,
    0.0005000000237487257,
    0.0005000000237487257,
    0.0005000000237487257,
    0.0005000000237487257,
    0.0005000000237487257,
    0.0002500000118743628,
    0.0002500000118743628
  ]
}