{
  "loss": [
    7198957.0,
    2387892.75,
    754077.6875,
    420866.71875,
    383112.78125,
    371429.125,
    366443.0,
    364143.96875,
    355551.125,
    356066.90625,
    352488.75,
    352116.4375,
    349933.875,
    350367.40625,
    346124.8125,
    336692.75,
    334990.28125,
    335087.96875,
    329285.71875,
    329192.8125,
    324365.75,
    320951.375
  ],
  "mae": [
    2410.182373046875,
    1293.9471435546875,
    702.9601440429688,
    494.4256591796875,
    460.6818542480469,
    448.0974426269531,
    445.2120361328125,
    444.17193603515625,
    436.6221618652344,
    436.2356872558594,
    434.9936218261719,
    435.1989440917969,
    431.2077941894531,
    432.5825500488281,
    430.42034912109375,
    422.0654602050781,
    422.26104736328125,
    420.7759704589844,
    416.3117980957031,
    417.5417175292969,
    413.9557189941406,
    412.6069030761719
  ],
  "val_loss": [
    3495638.5,
    1381165.625,
    369894.28125,
    318150.65625,
    349574.3125,
    314852.4375,
    332330.96875,
    309475.375,
    306180.46875,
    300717.46875,
    323319.59375,
    303632.15625,
    306966.40625,
    311909.3125,
    341401.65625,
    314408.5,
    308565.625,
    323987.53125,
    318999.125,
    316692.75,
    314175.78125,
    316041.15625
  ],
  "val_mae": [
    1544.6700439453125,
    1020.4113159179688,
    476.2826843261719,
    419.19940185546875,
    444.3166198730469,
    418.9885559082031,
    420.1499938964844,
    410.4869689941406,
    411.7090759277344,
    421.8664855957031,
    431.8265686035156,
    390.98846435546875,
    395.1006774902344,
    411.7458190917969,
    418.619384765625,
    419.1702575683594,
    422.4623718261719,
    437.7794189453125,
    421.5218200683594,
    423.1821594238281,
    410.5965270996094,
    411.2658996582031
  ],
  "learning_rate": [
    0.0010000000474974513,
    0.0010000000474974513,
    0.0010000000474974513,
    0.0010000000474974513,
    0.0010000000474974513,
    0.0010000000474974513,
    0.0010000000474974513,
    0.0010000000474974513,
    0.0010000000474974513,
    0.0010000000474974513,
    0.0010000000474974513,
    0.0010000000474974513,
    0.0010000000474974513,
    0.0010000000474974513,
    0.0010000000474974513,
    0.0005000000237487257,
    0.0005000000237487257,
    0.0005000000237487257,
    0.0005000000237487257,
    0.0005000000237487257,
    0.0002500000118743628,
    0.0002500000118743628
  ]
}