{
  "loss": [
    6978223.0,
    2142659.0,
    608994.4375,
    380598.03125,
    356414.09375,
    347726.875,
    342623.34375,
    338580.625,
    333739.9375,
    333371.75,
    328808.3125,
    327115.46875,
    327015.5625,
    323386.84375,
    315260.25,
    314409.65625,
    310874.875,
    310413.90625,
    311021.46875,
    305588.21875,
    302386.0625
  ],
  "mae": [
    2362.393798828125,
    1228.1090087890625,
    624.4022827148438,
    461.5921325683594,
    434.43719482421875,
    426.9655456542969,
    420.9835205078125,
    417.6559143066406,
    414.2446594238281,
    413.5804443359375,
    409.86077880859375,
    408.1473693847656,
    409.6227722167969,
    406.1915588378906,
    399.1025085449219,
    398.52239990234375,
    396.2845764160156,
    396.2511901855469,
    396.5677490234375,
    392.7076110839844,
    390.20831298828125
  ],
  "val_loss": [
    3139504.5,
    921618.5625,
    357679.65625,
    333665.34375,
    338967.65625,
    312237.71875,
    309763.125,
    318588.9375,
    296695.375,
    303580.3125,
    298962.90625,
    305522.03125,
    307734.5,
    331618.40625,
    306522.71875,
    302761.3125,
    306419.125,
    316140.25,
    308756.0625,
    306938.25,
    316548.21875
  ],
  "val_mae": [
    1455.135986328125,
    811.86279296875,
    458.6895751953125,
    421.6255798339844,
    416.30828857421875,
    401.2919616699219,
    401.236328125,
    411.11187744140625,
    390.4322509765625,
    401.5972595214844,
    406.49566650390625,
    402.2545166015625,
    401.6793212890625,
    428.0135192871094,
    410.3657531738281,
    394.64874267578125,
    405.04754638671875,
    410.41021728515625,
    408.6173095703125,
    408.6258850097656,
    412.34478759765625
  ],
  "learning_rate": [
    0.0010000000474974513,
    0.0010000000474974513,
    0.0010000000474974513,
    0.0010000000474974513,
    0.0010000000474974513,
    0.0010000000474974513,
    0.0010000000474974513,
    0.0010000000474974513,
    0.0010000000474974513,
    0.0010000000474974513,
    0.0010000000474974513,
    0.0010000000474974513,
    0.0010000000474974513,
    0.0010000000474974513,
    0.0005000000237487257,
    0.0005000000237487257,
    0.0005000000237487257,
    0.0005000000237487257,
    0.0005000000237487257,
    0.0002500000118743628,
    0.0002500000118743628
  ]
}