{
  "loss": [
    7082604.0,
    2184446.75,
    749163.9375,
    443168.34375,
    398143.28125,
    381156.1875,
    373933.9375,
    366714.53125,
    358662.4375,
    357763.3125,
    352010.3125,
    349364.46875,
    348573.0625,
    348056.625,
    344715.0,
    345434.125,
    343332.96875,
    341013.15625,
    340667.65625,
    338006.34375,
    336297.625,
    335699.9375,
    334428.9375,
    330014.40625,
    331953.09375,
    328768.90625,
    329190.625
  ],
  "mae": [
    2385.620361328125,
    1238.0645751953125,
    720.510009765625,
    521.2113037109375,
    473.8200378417969,
    456.0697326660156,
    447.93560791015625,
    441.22222900390625,
    434.77703857421875,
    432.4458923339844,
    427.2267761230469,
    424.7340393066406,
    425.21630859375,
    423.5406494140625,
    422.2568359375,
    421.8132629394531,
    419.99688720703125,
    418.73870849609375,
    417.5756530761719,
    416.5474853515625,
    414.821533203125,
    413.35650634765625,
    412.8410339355469,
    411.0693359375,
    412.112060546875,
    407.9693298339844,
    409.8273620605469
  ],
  "val_loss": [
    3383955.0,
    1059626.875,
    404079.09375,
    348039.5,
    330180.21875,
    309911.40625,
    318782.46875,
    307155.65625,
    309519.3125,
    300906.0,
    315941.40625,
    306326.75,
    300759.15625,
    310009.5625,
    300432.75,
    306218.59375,
    302952.0625,
    302262.1875,
    311467.25,
    302661.65625,
    304681.09375,
    305754.5,
    315386.8125,
    305248.46875,
    302294.9375,
    307097.0,
    308825.78125
  ],
  "val_mae": [
    1520.16162109375,
    884.3760986328125,
    504.0633239746094,
    444.08660888671875,
    431.5592346191406,
    417.0257873535156,
    419.7978515625,
    408.2406311035156,
    406.28369140625,
    403.3935852050781,
    416.58489990234375,
    399.8441162109375,
    401.0665588378906,
    425.82574462890625,
    404.79364013671875,
    405.10791015625,
    404.2259521484375,
    402.7109069824219,
    414.49957275390625,
    408.27618408203125,
    410.4652099609375,
    404.9505615234375,
    406.6748046875,
    411.65863037109375,
    401.1463317871094,
    411.036865234375,
    414.50372314453125
  ],
  "learning_rate": [
    0.0010000000474974513,
    0.0010000000474974513,
    0.0010000000474974513,
    0.0010000000474974513,
    0.0010000000474974513,
    0.0010000000474974513,
    0.0010000000474974513,
    0.0010000000474974513,
    0.0010000000474974513,
    0.0010000000474974513,
    0.0010000000474974513,
    0.0010000000474974513,
    0.0010000000474974513,
    0.0010000000474974513,
    0.0010000000474974513,
    0.0010000000474974513,
    0.0010000000474974513,
    0.0010000000474974513,
    0.0010000000474974513,
    0.0010000000474974513,
    0.0005000000237487257,
    0.0005000000237487257,
    0.0005000000237487257,
    0.0005000000237487257,
    0.0005000000237487257,
    0.0002500000118743628,
    0.0002500000118743628
  ]
}