{
  "loss": [
    7070331.5,
    2251648.25,
    813204.1875,
    463220.125,
    421434.3125,
    404608.15625,
    393004.375,
    386861.65625,
    381770.46875,
    375387.40625,
    375446.59375,
    372251.78125,
    372094.65625,
    370178.0625,
    368957.15625,
    367100.4375,
    363348.4375,
    363984.90625,
    363372.375,
    358582.59375,
    358478.40625,
    359134.15625,
    357334.78125,
    353756.3125,
    350978.875,
    352032.71875,
    352073.9375,
    351976.65625,
    347131.75,
    346327.375
  ],
  "mae": [
    2382.231201171875,
    1257.93212890625,
    747.4279174804688,
    533.4239501953125,
    491.33367919921875,
    475.77032470703125,
    465.9120178222656,
    459.4813232421875,
    453.0351867675781,
    451.92462158203125,
    449.65234375,
    448.25701904296875,
    446.80743408203125,
    446.9021301269531,
    443.5812072753906,
    443.95819091796875,
    439.8905944824219,
    440.977783203125,
    441.9157409667969,
    436.9794616699219,
    438.19183349609375,
    437.8556213378906,
    435.5778503417969,
    433.475830078125,
    431.568115234375,
    432.01275634765625,
    431.84747314453125,
    431.328369140625,
    428.171630859375,
    427.431640625
  ],
  "val_loss": [
    3290967.25,
    1340137.0,
    397463.375,
    340923.5625,
    327941.5,
    342354.46875,
    308804.5,
    319331.0625,
    319208.875,
    306952.46875,
    306597.84375,
    304199.71875,
    301317.9375,
    300446.5,
    300940.125,
    297408.125,
    302273.8125,
    295597.03125,
    300129.6875,
    300327.21875,
    308038.90625,
    296953.1875,
    298839.59375,
    301705.71875,
    298598.5,
    298616.71875,
    297713.84375,
    307381.34375,
    303428.4375,
    301811.8125
  ],
  "val_mae": [
    1496.0350341796875,
    1002.6800537109375,
    505.3435363769531,
    439.56488037109375,
    422.4150085449219,
    428.80462646484375,
    407.8376770019531,
    406.6868591308594,
    407.9649963378906,
    402.77996826171875,
    416.6868896484375,
    408.3515625,
    397.0095520019531,
    402.3806457519531,
    412.4519348144531,
    401.93133544921875,
    406.3813781738281,
    398.754638671875,
    399.7115478515625,
    410.0616760253906,
    403.3899230957031,
    392.22186279296875,
    410.10833740234375,
    396.7859191894531,
    398.6363220214844,
    406.7523193359375,
    403.6598815917969,
    399.0335693359375,
    403.761962890625,
    403.8110046386719
  ],
  "learning_rate": [
    0.0010000000474974513,
    0.0010000000474974513,
    0.0010000000474974513,
    0.0010000000474974513,
    0.0010000000474974513,
    0.0010000000474974513,
    0.0010000000474974513,
    0.0010000000474974513,
    0.0010000000474974513,
    0.0010000000474974513,
    0.0010000000474974513,
    0.0010000000474974513,
    0.0010000000474974513,
    0.0010000000474974513,
    0.0010000000474974513,
    0.0010000000474974513,
    0.0010000000474974513,
    0.0010000000474974513,
    0.0010000000474974513,
    0.0010000000474974513,
    0.0010000000474974513,
    0.0010000000474974513,
    0.0010000000474974513,
    0.0005000000237487257,
    0.0005000000237487257,
    0.0005000000237487257,
    0.0005000000237487257,
    0.0005000000237487257,
    0.0002500000118743628,
    0.0002500000118743628
  ]
}