{
  "Linear Regression": {
    "RMSE": 574.1096639580281,
    "MAE": 409.10009765625,
    "R2": 0.7419772744178772
  },
  "LSTM": {
    "RMSE": 525.0746375516533,
    "MAE": 359.34588623046875,
    "R2": 0.7841707468032837
  },
  "CNN1D": {
    "RMSE": 593.5547836973433,
    "MAE": 442.4101257324219,
    "R2": 0.7242027521133423
  },
  "CNN-LSTM": {
    "RMSE": 526.9077243692675,
    "MAE": 373.6041564941406,
    "R2": 0.7826611399650574
  }
}