{
  "Linear Regression": {
    "RMSE": 574.1096639580281,
    "MAE": 409.10009765625,
    "R2": 0.7419772744178772
  },
  "LSTM": {
    "RMSE": 526.1301229258785,
    "MAE": 358.4580078125,
    "R2": 0.7833021879196167
  },
  "CNN1D": {
    "RMSE": 540.5325209920306,
    "MAE": 382.87567138671875,
    "R2": 0.7712758779525757
  },
  "CNN-LSTM": {
    "RMSE": 527.1494984821668,
    "MAE": 353.9659729003906,
    "R2": 0.7824616432189941
  }
}